platform,id,name,sale,price,shop_name,shop_id,unite_id,brand_name,timestamp
tiki,273455559,lan-ngan-mui-nivea-men-silver-protect-phan-tu-bac-giam-99-9-vi-khuan-gay-mui-50ml-83778-p273455559,90856,71000.0,Tiki Trading,1,,Nivea Men,1730204098.471406
tiki,273455553,lan-ngan-mui-nivea-men-dry-impact-kho-thoang-50ml-81610-p273455553,133872,62100.0,Tiki Trading,1,,Nivea Men,1730204098.472414
tiki,54414235,xit-ngan-mui-nivea-men-silver-protect-phan-tu-bac-giam-99-9-vi-khuan-gay-mui-150ml-82959-p54414235,17819,90000.0,Tiki Trading,1,,Nivea Men,1730204098.472414
tiki,273455567,lan-ngan-mui-nivea-men-black-white-ngan-vet-o-vang-vuot-troi-huong-manh-me-50-ml-85392-p273455567,34836,75700.0,Tiki Trading,1,,Nivea Men,1730204098.472414
tiki,54384691,xit-ngan-mui-nivea-men-dry-impact-kho-thoang-150ml-81602-p54384691,9539,85000.0,Tiki Trading,1,,Nivea Men,1730204098.472414
tiki,98955598,lan-ngan-mui-nivea-men-cool-kick-mat-lanh-sieu-kho-thoang-50ml-83188-p98955598,5448,67500.0,Tiki Trading,1,,Nivea Men,1730204098.472414
tiki,54384748,xit-ngan-mui-nivea-men-cool-kick-mat-lanh-150ml-82883-p54384748,4205,90000.0,Tiki Trading,1,,Nivea Men,1730204098.472414
tiki,54414231,xit-ngan-mui-nivea-men-black-white-ngan-vet-o-vang-vuot-troi-5in1-150ml-85388-p54414231,5302,98000.0,Tiki Trading,1,,Nivea Men,1730204098.472414
tiki,274988783,lan-ngan-mui-nivea-men-than-hoat-tinh-50ml-p274988783,1447,75500.0,Tiki Trading,1,,Nivea Men,1730204098.472414
tiki,98956845,xit-ngan-mui-nivea-men-cool-kick-extra-dry-mat-lanh-sieu-kho-thoang-150ml-83165-p98956845,1686,90000.0,Tiki Trading,1,,Nivea Men,1730204098.472414
tiki,54414095,sua-rua-mat-nivea-men-detox-mud-bun-khoang-giup-sang-da-mo-tham-mun-100g-81775-p54414095,17073,64000.0,Tiki Trading,1,,Nivea Men,1730204098.472414
tiki,274988804,sua-rua-mat-sang-da-nivea-men-100g-p274988804,10382,64000.0,Tiki Trading,1,,Nivea Men,1730204098.472414
tiki,274988647,xit-ngan-mui-nivea-men-than-hoat-tinh-150ml-p274988647,727,98000.0,Tiki Trading,1,,Nivea Men,1730204098.472414
tiki,176284237,sua-rua-mat-nivea-men-hat-mat-xa-sach-nhon-mat-lanh-100g-88880-p176284237,21414,62000.0,Tiki Trading,1,,Nivea,1730204098.472414
tiki,273545599,xit-ngan-mui-nam-nivea-men-cool-kick-cool-fresh-mat-lanh-kho-thoang-150ml-p273545599,13,115000.0,Watsons Vietnam Official Store,337164,,Nivea,1730204098.472414
tiki,274175579,sap-ngan-mui-nivea-men-mat-lanh-50ml-p274175579,13,76000.0,Watsons Vietnam Official Store,337164,,Nivea,1730204098.472414
tiki,272231289,sap-ngan-mui-nivea-men-phan-tu-bac-50ml-p272231289,37,76000.0,Watsons Vietnam Official Store,337164,,Nivea,1730204098.472414
tiki,275624540,bo-2-xit-ngan-mui-nivea-men-deep-than-den-hoat-tinh-150-ml-80027x2-p275624540,8,250000.0,NIVEA OFFICIAL,120849,,Nivea,1730204098.472414
tiki,274184763,sua-rua-mat-nivea-men-deep-acne-oil-clear-100g-p274184763,18,99000.0,Watsons Vietnam Official Store,337164,,Nivea,1730204098.472414
tiki,275625286,bo-2-lan-ngan-mui-nivea-men-cool-kick-mat-lanh-thom-nang-dong-50-ml-82886x2-p275625286,2,172000.0,NIVEA OFFICIAL,120849,,Nivea,1730204098.472414
tiki,275627331,sua-rua-mat-nivea-men-extra-bright-giup-sang-da-mo-tham-mun-100-g-81775-88836-p275627331,3,82000.0,NIVEA OFFICIAL,120849,,Nivea,1730204098.472414
tiki,275627026,bo-doi-xit-ngan-mui-nivea-men-cool-kick-mat-lanh-150-ml-p275627026,0,230000.0,NIVEA OFFICIAL,120849,,Nivea,1730204098.472414
tiki,275598969,lan-ngan-mui-nivea-men-kho-thoang-50-ml-81610-p275598969,0,72000.0,NIVEA OFFICIAL,120849,,Nivea,1730204098.472414
tiki,275599872,lan-ngan-mui-nivea-men-phan-tu-bac-50-ml-83778-p275599872,0,86000.0,NIVEA OFFICIAL,120849,,Nivea,1730204098.472414
tiki,273545609,sua-rua-mat-nivea-men-bun-khoang-sach-nhon-mat-lanh-bright-8h-oil-clear-100g-p273545609,5,66000.0,Watsons Vietnam Official Store,337164,,Nivea,1730204098.472414
tiki,273545624,sua-rua-mat-nivea-men-sach-nhon-mat-lanh-bot-min-bright-8h-oil-clear-100g-p273545624,4,66000.0,Watsons Vietnam Official Store,337164,,Nivea,1730204098.472414
tiki,274674022,sua-rua-mat-nivea-men-detox-mud-giup-giam-mun-hu-ton-da-100g-p274674022,2,62000.0,Watsons Vietnam Official Store,337164,,Nivea,1730204098.472414
tiki,273545623,lan-ngan-mui-nam-nivea-men-cool-kick-cool-fresh-mat-lanh-kho-thoang-50ml-p273545623,2,86000.0,Watsons Vietnam Official Store,337164,,Nivea,1730204098.472414
tiki,275627298,sua-rua-mat-nivea-men-deep-giup-giam-mun-sang-da-100-g-84415-88521-p275627298,3,99000.0,NIVEA OFFICIAL,120849,,Nivea,1730204098.472414
tiki,275627041,bo-doi-xit-ngan-mui-nivea-men-cool-kick-mat-lanh-thom-sang-khoai-150ml-chai-83165-p275627041,1,230000.0,NIVEA OFFICIAL,120849,,Nivea,1730204098.472414
tiki,275617964,ngan-mui-nivea-men-kho-thoang-150-ml-81602-p275617964,2,108000.0,NIVEA OFFICIAL,120849,,Nivea,1730204098.472414
tiki,275618205,xit-ngan-mui-nivea-men-phan-tu-bac-150-ml-82959-p275618205,3,115000.0,NIVEA OFFICIAL,120849,,Nivea,1730204098.472414
tiki,275618328,xit-ngan-mui-nivea-men-black-white-48h-ngan-mo-hoi-ngan-vet-o-vang-150-ml-85388-82241-p275618328,1,125000.0,NIVEA OFFICIAL,120849,,Nivea,1730204098.472414
tiki,275625861,combo-6-sua-rua-mat-nivea-men-100g-p275625861,0,492000.0,NIVEA OFFICIAL,120849,,Nivea,1730204098.472414
tiki,275624518,bo-2-lan-ngan-mui-nivea-men-silver-protect-phan-tu-bac-giam-99-9-vi-khuan-gay-mui-50-ml-83778x2-p275624518,0,172000.0,NIVEA OFFICIAL,120849,,Nivea,1730204098.472414
tiki,275626235,combo-6-xit-ngan-mui-nivea-men-150-ml-p275626235,0,648000.0,NIVEA OFFICIAL,120849,,Nivea,1730204098.472414
tiki,275619506,sap-ngan-mui-nivea-men-phan-tu-bac-50-ml-83181-p275619506,0,109000.0,NIVEA OFFICIAL,120849,,Nivea,1730204098.472414
tiki,275626072,bo-doi-sua-rua-mat-bun-khoang-nivea-men-kiem-soat-nhon-ngua-mun-100g-83940-p275626072,0,164000.0,NIVEA OFFICIAL,120849,,Nivea,1730204098.472414
tiki,275626745,bo-4-sap-khu-mui-nivea-men-phan-tu-bac-50-ml-83181-p275626745,0,436000.0,NIVEA OFFICIAL,120849,,Nivea,1730204098.472414
tiki,275617794,xit-ngan-mui-nivea-men-cool-kick-mat-lanh-150-ml-82883-p275617794,0,115000.0,NIVEA OFFICIAL,120849,,Nivea,1730204098.472414
tiki,275627359,sua-rua-mat-nivea-men-acne-oil-clear-100-g-83940-82378-p275627359,0,82000.0,NIVEA OFFICIAL,120849,,Nivea,1730204098.893722
tiki,275618014,lan-ngan-mui-nivea-men-cool-kick-mat-lanh-50-ml-82886-83188-p275618014,0,86000.0,NIVEA OFFICIAL,120849,,Nivea,1730204098.893722
tiki,275624597,bo-2-xit-ngan-mui-nivea-men-silver-protect-phan-tu-bac-giam-99-9-vi-khuan-gay-mui-150-ml-82959x2-p275624597,0,230000.0,NIVEA OFFICIAL,120849,,Nivea,1730204098.893722
tiki,275625891,bo-2-lan-ngan-mui-nivea-men-dry-impact-kho-thoang-72h-50-ml-81610x2-p275625891,0,144000.0,NIVEA OFFICIAL,120849,,Nivea,1730204098.893722
tiki,275626537,bo-2-lan-ngan-mui-nivea-men-cool-kick-mat-lanh-thom-sang-khoai-50-ml-p275626537,0,172000.0,NIVEA OFFICIAL,120849,,Nivea,1730204098.893722
tiki,275627413,kem-duong-da-ban-dem-nivea-luminous-630-giup-lam-mo-dom-nau-ngan-ngua-tham-nam-50-ml-94134-p275627413,1,400000.0,NIVEA OFFICIAL,120849,,Nivea,1730204098.893722
tiki,275626136,sua-rua-mat-nivea-men-bright-oil-clear-sach-sau-khong-kho-da-100-g-88869-86569-88880-p275626136,0,82000.0,NIVEA OFFICIAL,120849,,Nivea,1730204098.893722
tiki,275626084,combo-6-lan-ngan-mui-nivea-men-50ml-p275626084,0,432000.0,NIVEA OFFICIAL,120849,,Nivea,1730204098.893722
tiki,273455563,lan-ngan-mui-nivea-kho-thoang-min-mang-50ml-81611-p273455563,50447,62000.0,Tiki Trading,1,,Nivea,1730204098.893722
tiki,273455565,lan-ngan-mui-nivea-pearl-beauty-ngoc-trai-quyen-ru-50ml-83735-p273455565,129128,72000.0,Tiki Trading,1,,Nivea,1730204098.893722
tiki,274959321,sua-rua-mat-nivea-men-sach-nhon-mat-lanh-hat-mat-xa-bright-8h-oil-clear-100g-p274959321,0,66000.0,Watsons Vietnam Official Store,337164,,Nivea,1730204098.893722
tiki,275625707,bo-2-sua-rua-mat-nivea-men-acne-oil-clear-bot-min-giup-giam-mun-sach-nhon-100-g-82378x2-p275625707,0,164000.0,NIVEA OFFICIAL,120849,,Nivea,1730204098.893722
tiki,275625699,bo-2-sua-rua-mat-nivea-men-deep-than-den-hoat-tinh-sach-nhon-sang-da-100-g-84415x2-p275625699,0,198000.0,NIVEA OFFICIAL,120849,,Nivea,1730204098.893722
tiki,275618193,lan-ngan-mui-nivea-men-brightening-50-ml-83748-p275618193,0,72000.0,NIVEA OFFICIAL,120849,,Nivea,1730204098.893722
tiki,275625697,bo-2-xit-ngan-mui-nivea-men-dry-impact-kho-thoang-72h-150-ml-81602x2-p275625697,0,216000.0,NIVEA OFFICIAL,120849,,Nivea,1730204098.893722
tiki,273545573,lan-ngan-mui-nam-kho-thoang-nivea-25ml-p273545573,5,42000.0,Watsons Vietnam Official Store,337164,,Nivea,1730204098.893722
tiki,273545639,xit-ngan-mui-nam-phan-tu-bac-nivea-150ml-p273545639,29,115000.0,Watsons Vietnam Official Store,337164,,Nivea,1730204098.893722
tiki,275625290,tinh-chat-duong-the-chong-nang-nivea-super-c-180-ml-320-ml-98448-98449-p275625290,0,162000.0,NIVEA OFFICIAL,120849,,Nivea,1730204098.893722
tiki,275625009,bo-2-lan-ngan-mui-nivea-black-white-ngan-vet-o-vang-vuot-troi-5in1-50-ml-82234x2-p275625009,0,184000.0,NIVEA OFFICIAL,120849,,Nivea,1730204098.893722
tiki,273361809,sua-rua-mat-nivea-pearl-white-micro-bubbles-deep-clean-clay-foam-5in1-trang-da-ngoc-trai-dat-set-100g-p273361809,11,79000.0,Watsons Vietnam Official Store,337164,,Nivea,1730204098.893722
tiki,274089791,lan-ngan-mui-nam-ngan-vet-o-vang-nivea-50ml-p274089791,11,72000.0,Watsons Vietnam Official Store,337164,,Nivea,1730204098.893722
tiki,275627561,sua-rua-mat-tao-bot-nivea-chiet-xuat-ngoc-trai-100-g-p275627561,0,79000.0,NIVEA OFFICIAL,120849,,Nivea,1730204098.893722
tiki,273455549,lan-ngan-mui-nivea-fresh-energy-tuoi-mat-suc-song-50ml-83754-p273455549,42372,62000.0,Tiki Trading,1,,Nivea,1730204098.893722
tiki,273455551,lan-ngan-mui-nivea-extra-whitening-trang-min-mo-vet-tham-50ml-83747-p273455551,33708,72000.0,Tiki Trading,1,,Nivea,1730204098.893722
tiki,55705551,sua-rua-mat-nivea-pearl-white-dat-set-giup-trang-da-ngoc-trai-100g-81273-p55705551,9121,63000.0,Tiki Trading,1,,Nivea,1730204098.893722
tiki,275624983,bo-2-tinh-chat-duong-the-nivea-extra-bright-ngay-va-dem-duong-am-sang-da-phuc-hoi-chong-nang-180-ml-88314-88367-bao-bi-thay-doi-theo-tung-dot-nhap-hang-p275624983,0,310000.0,NIVEA OFFICIAL,120849,,Nivea,1730204098.893722
tiki,274673996,xit-ngan-mui-nam-than-den-hoat-tinh-nivea-150ml-p274673996,3,125000.0,Watsons Vietnam Official Store,337164,,Nivea,1730204098.893722
tiki,275625893,combo-6-sua-rua-mat-ngoc-trai-nivea-100g-p275625893,0,474000.0,NIVEA OFFICIAL,120849,,Nivea,1730204098.893722
tiki,175806926,lan-ngan-mui-nivea-shaveless-ngoc-trai-dep-quyen-ru-50ml-98500-p175806926,14729,72000.0,Tiki Trading,1,,Nivea,1730204098.893722
tiki,275624947,bo-2-tinh-chat-duong-the-nivea-10x-super-vitamins-skin-foods-duong-sang-da-mo-tham-180-ml-93767x2-p275624947,1,310000.0,NIVEA OFFICIAL,120849,,Nivea,1730204098.893722
tiki,273361818,sua-rua-mat-nivea-white-oil-clear-micro-bubbles-deep-clean-foam-5in1-trang-da-sach-nhon-100g-p273361818,9,79000.0,Watsons Vietnam Official Store,337164,,Nivea,1730204098.893722
tiki,273361816,sua-rua-mat-nivea-pearl-white-micro-bubbles-deep-clean-foam-5in1-bun-trang-da-ngoc-trai-100g-p273361816,3,79000.0,Watsons Vietnam Official Store,337164,,Nivea,1730204098.893722
tiki,275625021,bo-2-tinh-chat-duong-the-nivea-vitamin-super-c-duong-trang-da-chong-nang-spf50-vitamin-c-320ml-98449x2-p275625021,0,484000.0,NIVEA OFFICIAL,120849,,Nivea,1730204098.893722
tiki,275624963,bo-2-tinh-chat-duong-the-nivea-vitamin-sang-da-vitamin-super-c-va-10x-super-vitamins-skin-foods-180-ml-93767-98448-p275624963,0,317000.0,NIVEA OFFICIAL,120849,,Nivea,1730204098.893722
tiki,275624998,bo-2-tinh-chat-duong-the-nivea-vitamin-super-c-duong-trang-da-chong-nang-spf50-vitamin-c-180-ml-98448-p275624998,0,324000.0,NIVEA OFFICIAL,120849,,Nivea,1730204098.893722
tiki,273545597,lan-ngan-mui-nam-kho-thoang-nivea-50ml-p273545597,10,72000.0,Watsons Vietnam Official Store,337164,,Nivea,1730204098.893722
tiki,275625803,bo-2-sua-rua-mat-ngoc-trai-nivea-pearl-bright-giup-sang-da-100-g-81295x2-p275625803,0,158000.0,NIVEA OFFICIAL,120849,,Nivea,1730204098.893722
tiki,55705559,sua-rua-mat-nivea-white-oil-clear-giup-trang-da-sach-nhon-100g-84951-p55705559,1080,63000.0,Tiki Trading,1,,Nivea,1730204098.893722
tiki,275625692,sua-duong-the-nivea-extra-bright-duong-sang-da-min-da-200-ml-88188-88310-bao-bi-thay-doi-theo-tung-dot-nhap-hang-p275625692,0,99000.0,NIVEA OFFICIAL,120849,,Nivea,1730204098.893722
tiki,273562934,xit-ngan-mui-nam-mat-lanh-nivea-150ml-p273562934,6,115000.0,Watsons Vietnam Official Store,337164,,Nivea,1730204098.893722
tiki,273545651,xit-ngan-mui-nam-kho-thoang-nivea-150ml-p273545651,9,108000.0,Watsons Vietnam Official Store,337164,,Nivea,1730204099.151755
tiki,275626189,kem-duong-nivea-pearl-bright-sang-da-chiet-xuat-ngoc-trai-ban-ngay-50-ml-82335-p275626189,1,125000.0,NIVEA OFFICIAL,120849,,Nivea,1730204099.151755
tiki,275599921,xit-ngan-mui-nivea-pearl-beauty-chiet-xuat-ngoc-trai-150-ml-85348-p275599921,0,108000.0,NIVEA OFFICIAL,120849,,Nivea,1730204099.151755
tiki,275624236,sua-duong-the-nivea-extra-bright-radiant-smooth-duong-sang-min-da-600-ml-98924-p275624236,2,189000.0,NIVEA OFFICIAL,120849,,Nivea,1730204099.151755
tiki,275626005,bo-doi-serum-chong-nang-duong-the-toan-than-nivea-sang-min-deu-mau-spf50-pa-p275626005,0,416000.0,NIVEA OFFICIAL,120849,,Nivea,1730204099.151755
tiki,273545629,lan-ngan-mui-nam-phan-tu-bac-nivea-25ml-p273545629,3,47000.0,Watsons Vietnam Official Store,337164,,Nivea,1730204099.151755
tiki,275624976,bo-2-xit-ngan-mui-nivea-pearl-beauty-ngoc-trai-duong-sang-da-dep-quyen-ru-150-ml-83731x2-p275624976,2,216000.0,NIVEA OFFICIAL,120849,,Nivea,1730204099.151755
tiki,275625836,tinh-chat-duong-the-nivea-extra-white-duong-sang-da-min-da-ban-dem-180ml-p275625836,1,155000.0,NIVEA OFFICIAL,120849,,Nivea,1730204099.151755
tiki,275625796,sua-duong-the-nivea-extra-bright-duong-sang-da-min-da-350-ml-98412-98413-88311-p275625796,0,147000.0,NIVEA OFFICIAL,120849,,Nivea,1730204099.151755
tiki,273455547,lan-ngan-mui-nivea-sang-min-mo-tham-se-khit-lo-chan-long-50-ml-81644-p273455547,26383,72000.0,Tiki Trading,1,,Nivea,1730204099.151755
tiki,275598861,lan-ngan-mui-nivea-tuoi-mat-suc-song-50-ml-83754-p275598861,0,79000.0,NIVEA OFFICIAL,120849,,Nivea,1730204099.151755
tiki,273545593,lan-ngan-mui-nam-phan-tu-bac-nivea-50ml-p273545593,4,86000.0,Watsons Vietnam Official Store,337164,,Nivea,1730204099.151755
tiki,273545578,sua-rua-mat-nam-than-den-hoat-tinh-sang-da-nivea-100g-p273545578,9,99000.0,Watsons Vietnam Official Store,337164,,Nivea,1730204099.151755
tiki,273545635,lan-ngan-mui-nam-mat-lanh-nivea-50ml-p273545635,1,86000.0,Watsons Vietnam Official Store,337164,,Nivea,1730204099.151755
tiki,275600041,xit-ngan-mui-nivea-tuoi-mat-suc-song-150-ml-83750-p275600041,0,98000.0,NIVEA OFFICIAL,120849,,Nivea,1730204099.151755
tiki,275624793,bo-2-sua-duong-the-nivea-extra-bright-vitamin-c-e-c-a-duong-trang-da-deu-mau-da-min-da-180-ml-84374-80372-p275624793,0,258000.0,NIVEA OFFICIAL,120849,,Nivea,1730204099.151755
tiki,273545621,lan-ngan-mui-nam-mat-lanh-nivea-25ml-p273545621,1,47000.0,Watsons Vietnam Official Store,337164,,Nivea,1730204099.151755
tiki,275624151,tinh-chat-duong-the-nivea-10-super-vitamins-skin-foods-180-ml-93767-p275624151,0,155000.0,NIVEA OFFICIAL,120849,,Nivea,1730204099.151755
tiki,275626200,combo-2-xit-ngan-mui-nivea-duong-sang-huong-nuoc-hoa-tuoi-mat-ngot-ngao-quyen-ru-150ml-p275626200,2,250000.0,NIVEA OFFICIAL,120849,,Nivea,1730204099.151755
tiki,275625920,tinh-chat-chong-nang-nivea-sun-extra-protect-spf50-pa-30-ml-86060-98318-86014-p275625920,3,110000.0,NIVEA OFFICIAL,120849,,Nivea,1730204099.151755
tiki,275627393,tinh-chat-chuyen-sau-nivea-luminous-630-giup-lam-mo-dom-nau-ngan-ngua-tham-nam-30-ml-94429-p275627393,3,429000.0,NIVEA OFFICIAL,120849,,Nivea,1730204099.151755
tiki,275626699,bo-2-lan-ngan-mui-nivea-brightening-smooth-duong-trang-se-khit-lo-chan-long-vitamin-c-50-ml-83781-p275626699,0,184000.0,NIVEA OFFICIAL,120849,,Nivea,1730204099.151755
tiki,275624762,bo-2-lan-ngan-mui-nivea-brightening-smooth-duong-trang-se-khit-lo-chan-long-vitamin-c-50-ml-81644x2-p275624762,0,184000.0,NIVEA OFFICIAL,120849,,Nivea,1730204099.151755
tiki,275625256,bo-doi-sua-duong-the-nivea-8-super-fooods-duong-sang-da-min-da-350-ml-98413-p275625256,0,294000.0,NIVEA OFFICIAL,120849,,Nivea,1730204099.151755
tiki,275625064,sua-duong-the-nivea-vitamin-duong-sang-da-180-ml-84374-80372-p275625064,0,129000.0,NIVEA OFFICIAL,120849,,Nivea,1730204099.151755
tiki,275627085,sua-rua-mat-tao-bot-nivea-chiet-xuat-hoa-hong-hokkaido-100-ml-84984-p275627085,0,105000.0,NIVEA OFFICIAL,120849,,Nivea,1730204099.151755
tiki,275625826,bo-2-lan-ngan-mui-nivea-pearl-beauty-ngoc-trai-duong-trang-da-50-ml-83735x2-p275625826,0,184000.0,NIVEA OFFICIAL,120849,,Nivea,1730204099.151755
tiki,262796343,lan-khu-mui-watsons-men-invisible-roll-on-deodorant-50ml-p262796343,9,113000.0,Watsons Vietnam Official Store,337164,,Watsons,1730204099.151755
tiki,275618156,lan-ngan-mui-nivea-black-white-5in1-ngan-vet-o-vang-50-ml-82234-p275618156,0,92000.0,NIVEA OFFICIAL,120849,,Nivea,1730204099.151755
tiki,275619996,xit-ngan-mui-nivea-duong-sang-huong-nuoc-hoa-tuoi-mat-ngot-ngao-quyen-ru-150ml-p275619996,0,125000.0,NIVEA OFFICIAL,120849,,Nivea,1730204099.151755
tiki,275627173,sua-rua-mat-tao-bot-nivea-chiet-xuat-ngoc-trai-100-g-84951-p275627173,0,79000.0,NIVEA OFFICIAL,120849,,Nivea,1730204099.151755
tiki,274952267,xit-ngan-mui-nivea-duong-sang-huong-gio-bien-tuoi-mat-extra-bright-fresh-lavier-aqua-breeze-150ml-p274952267,4,125000.0,Watsons Vietnam Official Store,337164,,Nivea,1730204099.151755
tiki,274952288,xit-ngan-mui-nivea-duong-sang-huong-mau-don-tinh-te-extra-bright-velvet-romance-peony-150ml-p274952288,3,125000.0,Watsons Vietnam Official Store,337164,,Nivea,1730204099.151755
tiki,169128564,sua-rua-mat-deve-men-sumi-facial-wash-than-hoat-tinh-charcoal-danh-cho-nam-130g-p169128564,3,132000.0,Kumano Official Store,271411,,Deve,1730204099.151755
tiki,275625288,sua-duong-the-nivea-vitamin-duong-sang-da-180-ml-serum-chong-nang-duong-the-toan-than-nivea-sang-min-deu-mau-spf50-pa-p275625288,0,327000.0,NIVEA OFFICIAL,120849,,Nivea,1730204099.151755
tiki,275625032,bo-2-lan-ngan-mui-nivea-extra-brightening-duong-trang-mo-tham-vitamin-c-50-ml-83747x2-p275625032,0,184000.0,NIVEA OFFICIAL,120849,,Nivea,1730204099.151755
tiki,275619423,lan-ngan-mui-nivea-duong-sang-da-8-super-food-vitamin-c-50-ml-83747-81644-83781-p275619423,0,92000.0,NIVEA OFFICIAL,120849,,Nivea,1730204099.151755
tiki,4984293,sua-rua-mat-cho-nam-men-collection-invigorate-purifying-facial-cleanser-scentuals-125ml-p4984293,18,550000.0,M phm thiên nhiên Scentuals - Nature & Organic Skin Care,5701,,Scentuals,1730204099.151755
tiki,275624742,sua-rua-mat-the-men-thailand-tea-tree-oil-control-sang-da-cho-nam-se-khit-lo-chan-long-mo-tham-nam-sam-va-sach-nhon-p275624742,4,300000.0,BeautyBody,103753,,The MEN,1730204099.151755
tiki,275599701,xit-ngan-mui-nivea-serum-duong-sang-chuyen-sau-huong-hoa-150-ml-85304-p275599701,0,125000.0,NIVEA OFFICIAL,120849,,Nivea,1730204099.151755
tiki,275600241,lan-ngan-mui-nivea-pearl-beauty-chiet-xuat-ngoc-trai-50-ml-98500-p275600241,0,92000.0,NIVEA OFFICIAL,120849,,Nivea,1730204099.563755
tiki,269895628,lan-ngan-mui-nivea-whitening-deep-serum-hokkaido-rose-0-alcohol-roll-on-huong-hoa-hong-40ml-p269895628,6,108000.0,Watsons Vietnam Official Store,337164,,Nivea,1730204099.563755
tiki,275618171,xit-ngan-mui-nivea-extra-brightening-8-super-food-vitamin-c-150-ml-82967-p275618171,0,108000.0,NIVEA OFFICIAL,120849,,Nivea,1730204099.563755
tiki,274674033,xit-ngan-mui-nam-ngan-vet-o-vang-nivea-150ml-p274674033,0,125000.0,Watsons Vietnam Official Store,337164,,Nivea,1730204099.563755
tiki,275599988,xit-ngan-mui-nivea-black-white-5in1-ngan-vet-o-vang-150-ml-82230-p275599988,0,109000.0,NIVEA OFFICIAL,120849,,Nivea,1730204099.563755
tiki,261809130,sua-rua-mat-tenamyd-fresh-white-sand-uv-whitening-foam-cleanser-ii-120g-trang-da-hang-chinh-hang-lady-men-viet-nam-p261809130,2,287000.0,Lady And Men Store,269222,,Tenamyd,1730204099.563755
tiki,10581200,de-men-phieu-luu-ky-tai-ban-p10581200,13473,40100.0,Tiki Trading,1,,NaN,1730204099.563755
tiki,275626318,combo-6-xit-ngan-mui-nivea-150-ml-p275626318,0,648000.0,NIVEA OFFICIAL,120849,,Nivea,1730204099.563755
tiki,274988392,xit-ngan-mui-nivea-serum-trang-min-huong-hoa-hong-hokkaido-150ml-p274988392,720,98000.0,Tiki Trading,1,,Nivea,1730204099.563755
tiki,275626013,tinh-chat-chong-nang-toan-than-nivea-sun-spf50-pa-180-ml-86092-86090-p275626013,0,208000.0,NIVEA OFFICIAL,120849,,Nivea,1730204099.563755
tiki,275627581,nuoc-tay-trang-nivea-cho-da-nhon-white-oil-control-makeup-clear-micellar-water-125ml-86610-p275627581,0,74000.0,NIVEA OFFICIAL,120849,,Nivea,1730204099.563755
tiki,214088657,sua-duong-the-nivea-extra-bright-duong-sang-da-min-da-350-ml-p214088657,16006,115000.0,Tiki Trading,1,,Nivea,1730204099.564746
tiki,276009180,men-vi-sinh-10-chung-bioamicus-complete-10ml-p276009180,6,417000.0,chamsocbesosinh.com,2626,,BIOAMICUS,1730204099.564746
tiki,275625980,kem-chong-nang-duong-da-nivea-sun-triple-protect-spf50-pa-40-ml-85536-85545-85546-p275625980,1,209000.0,NIVEA OFFICIAL,120849,,Nivea,1730204099.564746
tiki,191089657,de-men-phieu-luu-ky-to-hoai-p191089657,92,16000.0,khangvietbook,48511,,NaN,1730204099.564746
tiki,211215638,sua-rua-mat-tao-bot-tram-tra-cho-nam-sach-sau-chuan-men-kiem-dau-giam-mun-co-mem-150ml-p211215638,19,120000.0,C Mm Official Store,39419,,C Mm,1730204099.564746
tiki,260107919,sua-rua-mat-tenamyd-fresh-white-sand-platinum-120g-ngua-mun-cho-da-dau-mun-hang-chinh-hang-lady-men-viet-nam-p260107919,12,310000.0,Lady And Men Store,269222,,Tenamyd,1730204099.564746
tiki,274175601,xit-ngan-mui-nivea-whitening-deep-serum-hokkaido-rose-spray-trang-da-chuyen-sau-150ml-p274175601,7,94000.0,Watsons Vietnam Official Store,337164,,Nivea,1730204099.564746
tiki,20006216,sua-rua-mat-duong-am-facial-cleanser-men-stay-simplicity-p20006216,61,139000.0,Men Stay Simplicity Store,84036,,Men Stay Simplicity,1730204099.564746
tiki,273545617,lan-ngan-mui-nivea-shaveless-ngoctrai-dep-quyen-ru-25ml-p273545617,0,47000.0,Watsons Vietnam Official Store,337164,,Nivea,1730204099.564746
tiki,274175571,lan-ngan-mui-nu-serum-trang-min-nivea-40ml-p274175571,5,92000.0,Watsons Vietnam Official Store,337164,,Nivea,1730204099.564746
tiki,157078663,men-vi-sinh-men-tieu-hoa-song-bifina-nhat-ban-loai-s60-goi-p157078663,36,1628000.0,ECOPATH SHOP,92237,,Bifina,1730204099.564746
tiki,275625815,tinh-chat-duong-the-nivea-extra-bright-duong-sang-da-min-da-180-ml-88314-88367-bao-bi-thay-doi-theo-tung-dot-nhap-hang-p275625815,0,155000.0,NIVEA OFFICIAL,120849,,Nivea,1730204099.564746
tiki,274175557,xit-ngan-mui-nivea-whitening-deep-serum-sakura-spray-duong-trang-chuyen-sau-150ml-p274175557,3,94000.0,Watsons Vietnam Official Store,337164,,Nivea,1730204099.564746
tiki,171254600,men-vi-sinh-10-chung-bioamicus-complete-10ml-p171254600,10,520000.0,BABY THIÊN PHÚC,150357,,BIOAMICUS,1730204099.564746
tiki,16098123,sua-rua-mat-nam-dabo-black-force-men-han-quoc-120ml-tang-moc-khoa-p16098123,67,145000.0,Thebeauty,37079,,Dabo,1730204099.564746
tiki,275625824,bo-doi-tinh-chat-chuyen-sau-nivea-luminous-630-giup-lam-mo-dom-nau-ngan-ngua-tham-nam-30-ml-86580-p275625824,0,858000.0,NIVEA OFFICIAL,120849,,Nivea,1730204099.564746
tiki,262049003,sua-rua-mat-trang-da-danh-cho-nam-eveline-men-x-treme-150ml-p262049003,2,115500.0,Pierrot Official,238306,,Eveline,1730204099.564746
tiki,275626114,combo-3-xit-ngan-mui-nivea-duong-sang-huong-nuoc-hoa-tuoi-mat-ngot-ngao-quyen-ru-150ml-p275626114,0,375000.0,NIVEA OFFICIAL,120849,,Nivea,1730204099.564746
tiki,274032761,sap-ngan-mui-nivea-brightening-duong-da-sang-min-toi-uu-50ml-p274032761,6,99000.0,Watsons Vietnam Official Store,337164,,Nivea,1730204099.564746
tiki,273545591,xit-ngan-mui-nivea-shaveless-ngoc-trai-dep-quyen-ru-150ml-p273545591,1,108000.0,Watsons Vietnam Official Store,337164,,Nivea,1730204099.564746
tiki,83488965,men-tuyet-nin-house-dark-blue-p83488965,3,219000.0,NIN HOUSE,2690,,Nin House,1730204099.564746
tiki,273545584,lan-ngan-mui-nivea-shaveless-ngoctrai-dep-quyen-ru-50ml-p273545584,1,69000.0,Watsons Vietnam Official Store,337164,,Nivea,1730204099.564746
tiki,274952284,xit-ngan-mui-nivea-duong-sang-huong-le-ngot-ngao-extra-bright-miracle-sweet-sweet-pear-150ml-p274952284,3,125000.0,Watsons Vietnam Official Store,337164,,Nivea,1730204099.564746
tiki,275626649,bo-2-lan-ngan-mui-nivea-pearl-beauty-chiet-xuat-ngoc-trai-50-ml-98500-p275626649,1,170000.0,NIVEA OFFICIAL,120849,,Nivea,1730204099.564746
tiki,191894783,sua-duong-the-nivea-extra-white-night-nourish-ban-dem-duong-am-trang-da-200-ml-88188-p191894783,7926,75000.0,Tiki Trading,1,,Nivea,1730204099.564746
tiki,82410152,men-tuyet-nin-house-rosewood-p82410152,1,219000.0,NIN HOUSE,2690,,Nin House,1730204099.564746
tiki,275626152,combo-6-lan-ngan-mui-nivea-50ml-p275626152,0,552000.0,NIVEA OFFICIAL,120849,,Nivea,1730204099.564746
tiki,54417619,nuoc-tay-trang-nivea-pearl-radiant-sang-da-sach-sau-200-ml-84911-p54417619,9133,93500.0,Tiki Trading,1,,Nivea,1730204099.564746
tiki,10920495,de-men-phieu-luu-ky-p10920495,7270,131000.0,Tiki Trading,1,,NaN,1730204099.564746
tiki,14610849,de-men-phieu-luu-ky-tai-ban-2019-p14610849,54,49000.0,Nhà sách Fahasa,53660,,NaN,1730204100.039804
tiki,254093874,sua-rua-mat-nam-eveline-men-x-treme-sach-sau-kiem-dau-150ml-p254093874,0,115500.0,Eveline Official Store,254366,,Eveline,1730204100.039804
tiki,91275155,choe-rong-sen-men-ran-noi-p91275155,3,234000.0,Tinh Hoa Gm Vit,134923,,Bát Tràng,1730204100.039804
tiki,275626521,nuoc-tay-trang-nivea-chiet-xuat-hoa-hong-hokkaido-duong-am-khong-kho-da-125-ml-400ml-p275626521,0,199000.0,NIVEA OFFICIAL,120849,,Nivea,1730204100.039804
tiki,274454195,sap-ngan-mui-nivea-ngoc-trai-dep-quyen-ru-50ml-p274454195,1,99000.0,Watsons Vietnam Official Store,337164,,Nivea,1730204100.039804
tiki,54360907,lan-ngan-mui-nivea-black-white-ngan-vet-o-vang-vuot-troi-5in1-50ml-82234-p54360907,36023,77000.0,Tiki Trading,1,,Nivea,1730204100.039804
tiki,275627044,son-duong-moi-nivea-caring-color-co-mau-4-8-g-p275627044,0,109000.0,NIVEA OFFICIAL,120849,,Nivea,1730204100.039804
tiki,127493779,sua-rua-mat-gao-len-men-tu-nhien-dabo-ferment-foam-180ml-p127493779,1,154000.0,M PHM BENEW CHÍNH HÃNG,1876,,Dabo,1730204100.039804
tiki,73293313,dieu-bat-men-ran-bat-trang-boc-dong-p73293313,35,460000.0,Ca hàng gm s Bát Tràng,135368,,Bát Tràng,1730204100.039804
tiki,273545641,lan-ngan-mui-nu-kho-thoang-nivea-50ml-p273545641,4,63000.0,Watsons Vietnam Official Store,337164,,Nivea,1730204100.039804
tiki,275618290,lan-ngan-mui-nivea-extra-bright-serum-10x-vitamin-c-40-ml-80023-p275618290,0,92000.0,NIVEA OFFICIAL,120849,,Nivea,1730204100.039804
tiki,14809405,sua-rua-mat-danh-cho-phai-manh-ngua-mun-toi-uu-han-quoc-dabo-black-force-for-men-120ml-hang-chinh-hang-p14809405,36,102000.0,Shop Hùng Phát 68,46296,,Dabo,1730204100.039804
tiki,273545586,lan-ngan-mui-nu-ngoc-trai-nivea-50ml-p273545586,3,69000.0,Watsons Vietnam Official Store,337164,,Nivea,1730204100.039804
tiki,274114566,men-tieu-hoa-biosubtyl-pp-hop-25-goi-p274114566,0,36000.0,Châu Ngân Pharma,184645,,PP Pharco,1730204100.039804
tiki,275627068,bo-doi-xit-ngan-mui-nivea-pearl-beauty-chiet-xuat-ngoc-trai-150-ml-p275627068,1,196000.0,NIVEA OFFICIAL,120849,,Nivea,1730204100.039804
tiki,275516836,men-tieu-hoa-usantibiopro-mediphar-p275516836,3,95000.0,Châu Ngân Pharma,184645,,mediphar,1730204100.039804
tiki,83488896,men-tuyet-nin-house-hazelnut-p83488896,1,219000.0,NIN HOUSE,2690,,Nin House,1730204100.039804
tiki,272231283,sua-duong-the-nivea-duong-am-chuyen-sau-intensive-moisture-550ml-p272231283,29,189000.0,Watsons Vietnam Official Store,337164,,Nivea,1730204100.039804
tiki,273304242,men-tieu-hoa-usar-biosubtilis-hop-100-vien-p273304242,5,76000.0,Châu Ngân Pharma,184645,,USAR,1730204100.039804
tiki,75516126,kem-duong-dem-nivea-q10-power-anti-wrinkle-firming-night-cream-50ml-p75516126,49,309000.0,Little London VN,18327,,Nivea,1730204100.039804
tiki,54417504,nuoc-tay-trang-nivea-white-oil-clear-kiem-soat-nhon-micellar-water-200ml-86609-p54417504,11890,107000.0,Tiki Trading,1,,Nivea,1730204100.039804
tiki,275626326,nuoc-can-bang-nivea-extra-bright-duong-sang-da-se-khit-lo-chan-long-200-ml-86720-p275626326,0,109000.0,NIVEA OFFICIAL,120849,,Nivea,1730204100.039804
tiki,273545607,xit-ngan-mui-nu-ngoc-trai-nivea-150ml-p273545607,1,108000.0,Watsons Vietnam Official Store,337164,,Nivea,1730204100.039804
tiki,270657050,men-tieu-hoa-menpeptine-enzyme-mediphar-usa-ho-tro-tieu-hoa-p270657050,21,90000.0,Mediphar USA,2847,,Mediphar USA,1730204100.039804
tiki,274089794,xit-ngan-mui-nu-trang-min-mo-vet-tham-nivea-150ml-p274089794,10,108000.0,Watsons Vietnam Official Store,337164,,Nivea,1730204100.039804
tiki,6512145,men-bo-vuc-tham-p6512145,225,62400.0,Tiki Trading,1,,NaN,1730204100.039804
tiki,273545653,lan-ngan-mui-nu-tuoi-mat-nivea-50ml-p273545653,1,63000.0,Watsons Vietnam Official Store,337164,,Nivea,1730204100.039804
tiki,7917839,men-women-and-relationships-p7917839,7,370440.0,Experal,14626,,NaN,1730204100.039804
tiki,273910629,men-vi-sinh-jeil-probiotics-plus-men-tieu-hoa-chua-den-20-ty-loi-khuan-tot-cho-duong-ruot-p273910629,0,380000.0,TP Cosmetic,295075,,PUDERMA,1730204100.039804
tiki,9956804,men-without-women-p9956804,78,229600.0,Nhà sách Fahasa,53660,,NaN,1730204100.039804
tiki,25402439,nuoc-hoa-nam-creed-aventus-for-men-100ml-p25402439,13,7990000.0,M Phm CD,4434,,Creed,1730204100.039804
tiki,82410150,men-tuyet-nin-house-pearl-p82410150,1,309000.0,NIN HOUSE,2690,,Nin House,1730204100.039804
tiki,275626997,nuoc-tay-trang-nivea-khong-chua-con-200-ml-89271-84911-86609-p275626997,0,119000.0,NIVEA OFFICIAL,120849,,Nivea,1730204100.039804
tiki,273545655,lan-ngan-mui-nu-ngan-vet-o-vang-nivea-50ml-p273545655,2,92000.0,Watsons Vietnam Official Store,337164,,Nivea,1730204100.039804
tiki,72975249,men-xu-ly-be-phot-emic-phot-200gr-p72975249,47,30000.0,Vi sinh nông nghip,156933,,EMIC,1730204100.039804
tiki,274959904,serum-chong-nang-nivea-duong-da-sang-khoe-vitamin-c-e-spf50-pa-30ml-p274959904,4,83000.0,Watsons Vietnam Official Store,337164,,Nivea,1730204100.039804
tiki,35720920,de-men-phieu-luu-ky-bia-cung-p35720920,120,265000.0,Nhà sách Fahasa,53660,,NaN,1730204100.039804
tiki,274542342,nuoc-tay-trang-nivea-acne-care-ngua-mun-sach-sau-200-ml-89271-p274542342,10091,83000.0,Tiki Trading,1,,Nivea,1730204100.039804
tiki,198672645,gel-rua-mat-nam-k-shinecos-expert-skincare-facial-cleanser-for-men-150ml-p198672645,0,352000.0,K Shinecos,268103,,KShinecos,1730204100.039804
tiki,138107410,men-lam-sua-chua-kefir-vegan-probiotic-yogourmet-p138107410,35,235000.0,ORGANIC STORES,9905,,Yogourmet,1730204100.039804
tiki,273361820,kem-chong-nang-nivea-luminous-630-spotclear-sun-protect-spf50-pa-40ml-p273361820,4,255000.0,Watsons Vietnam Official Store,337164,,Nivea,1730204100.518538
tiki,273545604,sua-duong-the-nivea-extra-white-c-e-vitamin-lotion-duong-trang-tang-dan-hoi-da-180ml-p273545604,5,90000.0,Watsons Vietnam Official Store,337164,,Nivea,1730204100.518538
tiki,162844541,men-u-trang-mat-dr-cell-50ml-p162844541,8,260000.0,M Phm Dr Cell,265562,,Dr. Cell,1730204100.518538
tiki,274673986,lan-ngan-mui-nu-trang-min-mo-vet-tham-nivea-25ml-p274673986,1,47000.0,Watsons Vietnam Official Store,337164,,Nivea,1730204100.518538
tiki,10755339,why-men-love-bitches-p10755339,59,566440.0,Experal,14626,,NaN,1730204100.518538
tiki,117092872,giam-gao-lisa-400ml-p117092872,341,11300.0,Tiki Trading,1,,Ajinomoto,1730204100.518538
tiki,273545563,lan-ngan-mui-nu-ngoc-trai-nivea-25ml-p273545563,0,47000.0,Watsons Vietnam Official Store,337164,,Nivea,1730204100.518538
tiki,17057172,men-dinh-duong-bragg-127g-p17057172,9,248000.0,ORGANIC STORES,9905,,Bragg,1730204100.518538
tiki,275542802,men-vi-sinh-usantibioplus-mediphar-hop-10-tui-p275542802,0,304000.0,Châu Ngân Pharma,184645,,mediphar,1730204100.518538
tiki,275627712,nuoc-tay-trang-nivea-cho-da-thuong-va-da-kho-extra-bright-makeup-clear-micellar-water-125ml-84910-p275627712,0,74000.0,NIVEA OFFICIAL,120849,,Nivea,1730204100.518538
tiki,46769611,chuan-men-p46769611,234,38000.0,Tiki Trading,1,,NaN,1730204100.518538
tiki,274325479,sua-duong-the-nivea-duong-da-sang-min-350ml-p274325479,3,147000.0,Watsons Vietnam Official Store,337164,,Nivea,1730204100.518538
tiki,78906764,men-dinh-duong-nutritional-yeast-127g-bragg-p78906764,43,248000.0,ORGANIC STORES,9905,,Bragg,1730204100.518538
tiki,274396234,sua-duong-the-nivea-lotion-dewy-sakura-oil-duong-trang-tu-dau-jojoba-350ml-p274396234,5,164000.0,Watsons Vietnam Official Store,337164,,Nivea,1730204100.518538
tiki,192687668,men-ngu-van-phong-hinh-thu-cao-cap-a-duoc-chon-mau-men-dap-chan-mong-nhe-gap-gon-tien-loi-p192687668,66,65000.0,Shop Ánh Sao,2443,,A,1730204100.518538
tiki,275627221,nuoc-tay-trang-nivea-khong-chua-con-400-ml-p275627221,0,189000.0,NIVEA OFFICIAL,120849,,Nivea,1730204100.518538
tiki,274357379,men-are-from-mars-women-are-from-venus-p274357379,7,284000.0,Tiki Trading,1,,NaN,1730204100.518538
tiki,113542114,men-vi-sinh-optibac-for-your-child-s-health-30-goi-p113542114,1,490000.0,Ankhanh JSC,132433,,Optibac probiotics,1730204100.518538
tiki,89482015,men-vi-sinh-lam-sach-day-ao-thuy-san-zym-bac-p89482015,19,110000.0,Tan Tai Biotech,171675,,C NGUYÊN BIOTECH,1730204100.518538
tiki,29090801,miso-do-men-gao-koji-yamagen-500g-p29090801,307,95000.0,Ca hàng Nht Bn Hachi Hachi,282,,YAMAGEN JOUZOU,1730204100.518538
tiki,196013214,sua-rua-mat-nam-eveline-men-x-treme-trang-da-150ml-p196013214,0,165000.0,Skinlovershop,34358,,Eveline,1730204100.518538
tiki,275476773,men-tieu-hoa-enterobinina-gold-bn-hop-20-ong-p275476773,0,126000.0,Châu Ngân Pharma,184645,,BNPharma,1730204100.518538
tiki,275625810,bo-2-nuoc-tay-trang-nivea-acne-care-cho-da-mun-sach-sau-ngua-mun-400-ml-80116-p275625810,0,378000.0,NIVEA OFFICIAL,120849,,Nivea,1730204100.518538
tiki,273866961,men-tieu-hoa-menpeptine-mediphar-chau-ngan-pharma-p273866961,0,67000.0,Châu Ngân Pharma,184645,,Menpeptine,1730204100.518538
tiki,183488267,dau-tuong-len-men-shinshu-miso-goi-1kg-p183488267,19,105000.0,Todayfoods Mart,287712,,hikari miso,1730204100.518538
tiki,274809880,nuoc-hoa-hong-nivea-duong-trang-da-se-khit-lo-chan-long-200ml-p274809880,1,109000.0,Watsons Vietnam Official Store,337164,,Glamrr Q,1730204100.518538
tiki,204643608,men-cool-edena-p204643608,0,1683000.0,I LÝ NM C LI,81485,,Edena,1730204100.518538
tiki,179397004,men-vi-sinh-megumi-hop-15-goi-p179397004,2,480000.0,Meiko,14825,,FUJINA,1730204100.518538
tiki,190213443,sua-rua-mat-nam-eveline-men-x-treme-sach-sau-kiem-dau-150ml-p190213443,1,165000.0,Skinlovershop,34358,,Eveline,1730204100.518538
tiki,189250951,men-cho-be-100x140cm-unmei-men-tuyet-nhung-sieu-min-chan-long-tuyet-em-nhe-dap-cuc-am-p189250951,9,125000.0,Shop M Và Bé UnMei,110726,,unmei,1730204100.518538
tiki,419718,de-men-phieu-luu-ky-ta-huy-long-minh-hoa-p419718,22,134950.0,Phng ông Books,26874,,NaN,1730204100.518538
tiki,273308091,men-are-from-mars-women-are-from-venus-p273308091,1,239000.0,Nhà Sách Phng Nam,229023,,NaN,1730204100.518538
tiki,273545583,xit-ngan-mui-nu-nivea-invisible-black-white-ngan-vet-o-vang-150ml-p273545583,2,109000.0,Watsons Vietnam Official Store,337164,,Nivea,1730204100.518538
tiki,94262651,combo-10-goi-men-tieu-hoa-biotic-cho-cho-meo-p94262651,41,55555.0,Kun Miu Plus Now,231263,,bio pharmachemie,1730204100.518538
tiki,273780049,men-tieu-hoa-bacillus-cap-chai-100-vien-usp-p273780049,0,76500.0,Châu Ngân Pharma,184645,,USP,1730204100.518538
tiki,3050511,sua-duong-the-duong-trang-nivea-giup-phuc-hoi-chong-nang-spf-30-350ml-88311-p3050511,1929,123000.0,Tiki Trading,1,,Nivea,1730204100.518538
tiki,273577861,son-nivea-caring-color-4-8g-p273577861,1,82000.0,Watsons Vietnam Official Store,337164,,Nivea,1730204100.518538
tiki,154720704,men-duong-ruot-cho-tom-ca-levucell-sb20-p154720704,0,2200000.0,THANVUONG OFFICIAL,138924,,LALLEMAND,1730204100.518538
tiki,82410142,men-tuyet-nin-dark-blue-p82410142,0,219000.0,NIN HOUSE,2690,,Nin House,1730204100.518538
tiki,89421217,bo-do-tho-men-ran-co-gom-su-bat-trang-p89421217,4,850000.0,Gm s Gia Hng Bát tràng,42951,,Bát Tràng,1730204100.518538
tiki,343044,de-men-phieu-luu-ky-truyen-tranh-tai-ban-p343044,5,105474.0,Times Books,127989,,NaN,1730204102.259632
tiki,275758637,men-tieu-hoa-lacbitine-1g-vinaphar-bo-sung-men-vi-sinh-duong-ruot-hop-10-goi-p275758637,0,15000.0,Châu Ngân Pharma,184645,,Vinaphar,1730204102.259632
tiki,273302723,men-are-from-mars-women-are-from-venus-p273302723,3,229000.0,Nhà Sách Phng Nam,229023,,NaN,1730204102.259632
tiki,113526890,sach-de-men-phieu-luu-ky-p113526890,29,50000.0,NHBook,7734,,NaN,1730204102.259632
tiki,192105873,lu-su-xong-tram-men-ran-mau-ma-da-dang-p192105873,39,43900.0,Nhang Sen Liên Tâm,64157,,Liên Tâm,1730204102.259632
tiki,95266852,men-vi-sinh-cho-ca-koika-clear-1-lit-p95266852,24,290000.0,KOIKA Aquarium,52794,,Liên Hip Phát,1730204102.259632
tiki,142791683,sourdough-bread-banh-mi-men-tu-nhien-tai-ban-p142791683,278,129000.0,Tiki Trading,1,,NaN,1730204102.259632
tiki,500029,toi-men-than-tap-2-p500029,68,41000.0,Tiki Trading,1,,NaN,1730204102.259632
tiki,253096648,banh-men-bi-sua-bi-tron-viettin-mart-p253096648,16,37345.0,VietTin Mart Official,16817,,VietTin Mart,1730204102.259632
tiki,263054431,d17-sua-rua-mat-giau-do-am-cho-nam-gioi-skincare-for-men-mutil-action-foam-cleanser-130ml-p263054431,0,381000.0,IASO Official Store,230723,,IASO ,1730204102.259632
tiki,274396189,lan-ngan-mui-nu-trang-min-tu-nhien-nivea-25ml-p274396189,0,47000.0,Watsons Vietnam Official Store,337164,,Nivea,1730204102.259632
tiki,263108680,tinh-chat-duong-the-nivea-sang-da-extra-bright-10-super-vitamin-skin-foods-serum-spf15-180ml-p263108680,8,155000.0,Watsons Vietnam Official Store,337164,,Nivea,1730204102.259632
tiki,198426376,kem-chong-nang-chong-nuoc-nivea-sun-protect-moisture-very-high-200ml-p198426376,69,349000.0,Little London VN,18327,,Nivea,1730204102.259632
tiki,274325433,sua-duong-the-duong-trang-da-ban-dem-nivea-350ml-p274325433,13,147000.0,Watsons Vietnam Official Store,337164,,Nivea,1730204102.259632
tiki,101842568,bo-am-chen-men-lam-nhieu-mau-thuong-hieu-tokdodo-p101842568,8,289000.0,TOKDODO Official Store,172234,,TOK DO DO TOKDODO TOK DO DO,1730204102.259632
tiki,56742055,kem-duong-chong-lao-hoa-manh-nivea-q10-power-anti-wrinkle-replenishing-cream-60-50ml-p56742055,76,389000.0,Little London VN,18327,,Nivea,1730204102.259632
tiki,55832650,vi-nuong-trang-men-chong-dinh-rainy-hang-chinh-hang-p55832650,32,59000.0,Home Star Store,69337,,Thiên Thy RAINY ,1730204102.259632
tiki,59362963,osho-dan-ong-the-book-of-men-p59362963,1686,81400.0,Tiki Trading,1,,NaN,1730204102.259632
tiki,91274223,nam-ruou-ho-lo-men-ran-co-p91274223,6,234000.0,Tinh Hoa Gm Vit,134923,,Bát Tràng,1730204102.259632
tiki,129868878,combo-dau-goi-x-men-nuoc-hoa-wood-650g-va-sua-tam-x-men-nuoc-hoa-wood-650g-p129868878,351,382000.0,XMEN OFFICIAL STORE,3887,,X-Men,1730204102.259632
tiki,11306201,thuc-pham-bao-ve-suc-khoe-alibaba-men-p11306201,207,345000.0,Duoc Pham PPPhar,23419,,Cong ty TNHH TM DV SX P.P.I,1730204102.259632
tiki,84801964,men-tieu-hoa-cao-cap-cho-ca-tom-bztpro-lb-p84801964,64,290000.0,Tan Tai Biotech,171675,,BZT,1730204102.259632
tiki,10303836,how-men-think-cach-dan-ong-nghi-p10303836,50,95580.0,Vn Lang Official Store,150,,NaN,1730204102.259632
tiki,271338207,kem-duong-mem-da-nivea-soft-50ml-p271338207,2,76000.0,Watsons Vietnam Official Store,337164,,Nivea,1730204102.259632
tiki,189641377,kombucha-tuyet-dinh-thuc-uong-len-men-p189641377,538,230000.0,Tiki Trading,1,,NaN,1730204102.259632
tiki,43171830,kem-duong-ngay-chong-lao-hoa-nivea-q10-power-anti-wrinkle-firming-cream-spf-30-p43171830,96,309000.0,Little London VN,18327,,Nivea,1730204102.260601
tiki,193588327,men-kho-mauripan-500g-p193588327,1,93702.0,VietTin Mart Official,16817,,VietTin Mart,1730204102.260601
tiki,108894757,kep-phoi-quan-ao-chan-men-inox-chong-gio-p108894757,253,45000.0,Gh Nam Vit,17480,,OEM,1730204102.260601
tiki,81085835,sua-duong-the-duong-trang-nivea-nivea-extra-white-c-a-vitamin-180ml-80372-p81085835,1,100000.0,Tiki Trading,1,,Nivea,1730204102.260601
tiki,89454696,men-vi-sinh-chuyen-dung-cho-ao-lot-bat-ho-xi-mang-zym-bac-nuoi-ca-tom-p89454696,12,110000.0,Tan Tai Biotech,171675,,C NGUYÊN BIOTECH,1730204102.260601
tiki,263108960,sua-duong-the-nivea-trang-min-extra-white-radiant-smooth-600ml-p263108960,3,189000.0,Watsons Vietnam Official Store,337164,,Nivea,1730204102.260601
tiki,72152617,be-tap-ke-chuyen-nhac-si-de-men-p72152617,118,8000.0,Tiki Trading,1,,NaN,1730204102.260601
tiki,17459471,men-lam-sua-chua-probiotic-p17459471,28,310000.0,Organic360,126568,,Yogourmet,1730204102.260601
tiki,274770725,cong-nghe-len-men-nguyen-lan-dung-hanoi-books-p274770725,2,114000.0,Cá Chép Bookstore,670,,NaN,1730204102.260601
tiki,104495915,de-men-phieu-luu-ky-ban-dac-biet-tai-ban-2021-p104495915,11,48000.0,Tiki Trading,1,,NaN,1730204102.260601
tiki,274325423,son-duong-am-nivea-original-4-8g-p274325423,5,77000.0,Watsons Vietnam Official Store,337164,,Nivea,1730204102.260601
tiki,273545611,sua-duong-the-nivea-duong-trang-ban-dem-200ml-p273545611,3,89000.0,Watsons Vietnam Official Store,337164,,Nivea,1730204102.260601
tiki,1839541,bo-ca-phe-men-xanh-song-bien-s2-dong-gia-p1839541,5,716000.0,DongGia Enterprise,1804,,ông Gia,1730204102.260601
tiki,273352822,kem-duong-mat-chuyen-sau-nivea-luminous-630-lam-mo-quang-tham-antidark-spot-eye-treatment-15ml-p273352822,5,223000.0,Watsons Vietnam Official Store,337164,,Nivea,1730204102.260601
tiki,274032711,nuoc-tay-trang-nivea-acne-care-cham-soc-da-mun-danh-cho-da-mun-de-noi-mun-400ml-p274032711,2,189000.0,Watsons Vietnam Official Store,337164,,Nivea,1730204102.260601
tiki,274275564,sanwich-dua-men-tu-nhien-520gram-p274275564,1,115000.0,GRAND CASTELLA,64885,,Grand Castella,1730204102.966062
tiki,273545649,sua-duong-the-nivea-extra-white-c-a-vitamin-lotion-duong-trang-deu-mau-da-180ml-p273545649,3,90000.0,Watsons Vietnam Official Store,337164,,Nivea,1730204102.966062
tiki,274536010,combo-tien-loi-goi-men-be-phot-ecoclean-septic-men-vi-sinh-xu-ly-ham-cau-be-phot-day-tran-tui-goi-100gram-p274536010,962,231000.0,ECOCLEAN VIETNAM,70252,,EcoClean ,1730204102.966062
tiki,99077921,giam-len-men-ottogi-2l-p99077921,161,63744.0,OTTOGI OFFICIAL STORE,169453,,Ottogi,1730204102.966062
tiki,274959283,lan-ngan-mui-nu-trang-min-mo-vet-tham-nivea-50ml-p274959283,0,92000.0,Watsons Vietnam Official Store,337164,,Nivea,1730204102.966062
tiki,75627645,kem-chong-nang-nivea-sun-kids-swim-play-spf-50-very-high-150ml-p75627645,4,299000.0,Little London VN,18327,,Nivea,1730204102.966062
tiki,247244811,de-men-phieu-luu-ky-bia-cung-p247244811,3,135000.0,Bamboo Books,281062,,NaN,1730204102.966062
tiki,263072134,men-tieu-hoa-mediantibio-plus-hop-100-goi-mediplantex-p263072134,0,274000.0,Châu Ngân Pharma,184645,,Mediplantex,1730204102.966062
tiki,276174238,combo-2-gel-rua-mat-nam-kshinecos-expert-skincare-facial-cleanser-for-men-150ml-p276174238,0,704000.0,K Shinecos,268103,,KShinecos,1730204102.966062
tiki,76775176,duong-the-trang-da-chong-lao-hoa-da-thuong-nivea-light-body-lotion-firming-q10-vitamin-c-p76775176,40,249000.0,Little London VN,18327,,Nivea,1730204102.966062
tiki,105626584,de-men-phieu-luu-ky-p105626584,3,60000.0,Nhà sách o Hnh,132216,,NaN,1730204102.966062
tiki,273352825,kem-duong-dem-nivea-luminous-630-spotclear-night-complexion-repair-50ml-p273352825,8,255000.0,Watsons Vietnam Official Store,337164,,Nivea,1730204102.966062
tiki,76775139,duong-the-trang-da-chong-lao-hoa-da-kho-nivea-rich-body-lotion-firming-q10-vitamin-c-mau-moi-p76775139,80,249000.0,Little London VN,18327,,Nivea,1730204102.966062
tiki,271079080,coc-su-la-fonte-trang-men-ben-trong-006422-p271079080,34,42800.0,Tiki Trading,1,,La Fonte,1730204102.966062
tiki,274396203,sua-duong-the-nivea-spf30-duong-trang-phuc-hoi-chong-nang-200ml-p274396203,2,99000.0,Watsons Vietnam Official Store,337164,,Nivea,1730204102.966062
tiki,273941188,ban-le-bo-bat-dia-men-tieu-co-gosu-trang-men-cao-cap-p273941188,8,33000.0,Gm s GOSU,217944,,GOSU,1730204102.966062
tiki,26147622,hu-su-dung-gao-trang-men-co-quai-p26147622,44,380000.0,Ca hàng gm s Bát Tràng,135368,,Bát Tràng,1730204102.966062
tiki,143504491,mat-ong-len-men-mola-khang-sinh-tu-nhien-p143504491,10,325000.0,Nông Sn Sch Mart,12117,,Mola,1730204102.966062
tiki,94596031,den-tho-dau-men-lam-trang-tron-hoa-tiet-rong-p94596031,11,240000.0, Th Phùng Gia,133378,,PHÙNG GIA ,1730204102.966062
tiki,274674096,son-duong-moi-nivea-overnight-care-ban-dem-4-8g-p274674096,1,77000.0,Watsons Vietnam Official Store,337164,,Nivea,1730204102.966062
tiki,271079003,coc-su-la-fonte-trang-men-003650-p271079003,28,44000.0,Tiki Trading,1,,La Fonte,1730204102.966062
tiki,273259934,tinh-chat-chong-nang-nivea-sang-min-deu-mau-daily-glow-spf50-pa-180ml-p273259934,4,203000.0,Watsons Vietnam Official Store,337164,,Nivea,1730204102.966062
tiki,274111532,chan-men-tencel-modal-thuan-viet-men-he-lua-tencel-thoang-mat-tham-hut-mo-hoi-tot-p274111532,3,830000.0,NM THUN VIT,56226,,Nm Thun Vit,1730204102.966062
tiki,190619264,men-tieu-hoa-cho-ca-bacilac-bo-sung-men-vi-sinh-giup-tieu-thu-thuc-an-tot-goi-1kg-p190619264,4,99000.0,Tin Cy,12515,,ANOVA,1730204102.966062
tiki,274383901,nuoc-tay-trang-nivea-sang-da-tinh-chat-ngoc-trai-200ml-p274383901,2,89000.0,Watsons Vietnam Official Store,337164,,Nivea,1730204102.966062
tiki,193365999,nuoc-mia-len-men-vinamit-organic-hop-giay-50g-p193365999,101,98500.0,Vinamit Official,132460,,Vinamit Organic,1730204102.966062
tiki,760279,ca-men-com-apollo-apl-1600-p760279,0,899000.0,Bepnhatoi,78755,,Apollo,1730204102.966062
tiki,214242717,x-men-legends-vol-2-mutant-mayhem-p214242717,0,371200.0,Nhà sách Fahasa,53660,,NaN,1730204102.966062
tiki,101361009,den-dau-men-lam-gom-bat-trang-p101361009,3,68000.0,Bát Tràng Ceramic,97126,,Bát Tràng,1730204102.966062
tiki,193589129,bot-banh-bao-vinh-thuan-400g-co-men-p193589129,38,23200.0,VietTin Mart Official,16817,,VietTin Mart,1730204102.966062
tiki,271696962,giay-golf-nam-pgm-men-microfibre-golf-shoes-xz184-p271696962,0,1645000.0,PGM GOLF OFFICIAL STORE,1262,,PGM,1730204102.967063
tiki,274275669,sanwich-dua-men-tu-nhien-260gram-p274275669,0,55000.0,GRAND CASTELLA,64885,,Grand Castella,1730204102.967063
tiki,73135713,combo-3-quan-ngu-nam-giordano-men-s-cotton-boxers-01179139-p73135713,18,282000.0,Giordano Vietnam,20520,,GIORDANO,1730204102.967063
tiki,155001062,bong-tam-tron-tao-bot-cao-cap-mem-mai-de-dang-cha-rua-tay-sach-te-bao-chet-p155001062,103,25000.0,Jodily StarHome HP,151652,,Jodily StarHome,1730204102.967063
tiki,155348694,men-tieu-hoa-cho-tom-ca-microzyme-s-p155348694,0,180000.0,THANVUONG OFFICIAL,138924,,THN VNG,1730204102.967063
tiki,272532928,men-who-hate-women-p272532928,0,429000.0,Blue Horizon Books,12696,,NaN,1730204102.967063
tiki,134354887,chao-tu-men-gom-ceramic-rapido-ferroli-p134354887,8,289000.0,SOGI  Dùng Gia ình,248456,,Rapido,1730204102.967063
tiki,40260666,quan-lot-nam-sexy-men-thoang-khi-mau-trang-p40260666,15,44100.0,Beauty and Fashion,103662,,OEM,1730204102.967063
tiki,241980823,combo-20-kep-inox-304-phoi-quan-ao-chan-men-p241980823,400,15000.0,Jodily StarHome HP,151652,,Jodily StarHome,1730204102.967063
tiki,274325459,tinh-chat-chong-nang-nivea-duong-am-vuot-troi-daily-moist-spf50-pa-180ml-p274325459,1,203000.0,Watsons Vietnam Official Store,337164,,Nivea,1730204102.967063
tiki,273886393,bat-dia-coc-trang-men-naturehike-cnk2300cw013-p273886393,7,150000.0,in dân dng và  Outdoor TL,320525,,Naturehike,1730204103.577054
tiki,54828473,lo-hoa-men-hoa-bien-gom-su-bat-trang-p54828473,4,219000.0,Ca hàng gm s Bát Tràng,135368,,Bát Tràng,1730204103.578053
tiki,263108648,tinh-chat-duong-the-nivea-sang-da-extra-bright-super-c-vitamin-serum-spf50-pa-320ml-p263108648,3,237000.0,Watsons Vietnam Official Store,337164,,Nivea,1730204103.578053
tiki,274454217,xit-ngan-mui-nu-serum-trang-min-nivea-100ml-p274454217,2,81000.0,Watsons Vietnam Official Store,337164,,Nivea,1730204103.578053
tiki,32601845,ecoclean-compost-men-vi-sinh-u-phan-compost-p32601845,156,82000.0,ECOCLEAN VIETNAM,70252,,EcoCleanTM,1730204103.578053
tiki,91276314,mam-bong-men-ran-noi-p91276314,1,494000.0,Tinh Hoa Gm Vit,134923,,Bát Tràng,1730204103.578053
tiki,274325399,tinh-chat-duong-the-trang-da-phuc-hoi-chong-nang-nivea-180ml-p274325399,3,155000.0,Watsons Vietnam Official Store,337164,,Nivea,1730204103.578053
tiki,273986820,men-dinh-duong-cao-cap-bragg-127g-thuc-pham-tot-cho-suc-khoe-p273986820,1,262000.0,Caracao Food,347382,,Bragg,1730204103.578053
tiki,273760458,sach-twelve-angry-men-by-reginald-rose-uk-edition-paperback-p273760458,0,595840.0,Experal,14626,,NaN,1730204103.578053
tiki,95294211,men-vi-sinh-cho-ca-koika-psb-1-lit-p95294211,0,250000.0,KOIKA Aquarium,52794,,KOIKA,1730204103.578053
tiki,274325489,tinh-chat-duong-the-trang-da-ban-dem-nivea-180ml-p274325489,1,155000.0,Watsons Vietnam Official Store,337164,,Nivea,1730204103.578053
tiki,59373904,men-duong-ruot-cho-tom-ca-lalpack-probio-nhap-khau-p59373904,1,530000.0,THANVUONG OFFICIAL,138924,,LALLEMAND,1730204103.578053
tiki,263108938,tinh-chat-duong-the-nivea-sang-da-extra-bright-super-c-vitamin-serum-spf50-pa-180ml-p263108938,2,162000.0,Watsons Vietnam Official Store,337164,,Nivea,1730204103.578053
tiki,78615900,quan-dai-golf-nam-pgm-men-golf-pants-kuz056-p78615900,9,916050.0,PGM GOLF OFFICIAL STORE,1262,,PGM,1730204103.578053
tiki,144079763,cong-tac-cam-men-p144079763,11,125000.0,Bo Châu Books,259784,,NaN,1730204103.578053
tiki,4214495,ruot-men-gon-long-vu-go-ttobed-p4214495,4,1690000.0,Goûttobed,7652,,Goûttobed,1730204103.578053
tiki,252671563,sach-kombucha-tuyet-dinh-thuc-uong-len-men-ban-quyen-p252671563,1,273400.0,Gooda Official,272268,,NaN,1730204103.578053
tiki,143007217,men-vi-sinh-koika-clear-premium-dang-bot-bich-500g-men-xu-ly-nuoc-chuyen-dung-cho-ca-koi-p143007217,4,350000.0,KOIKA Aquarium,52794,,KOIKA,1730204103.578053
tiki,53135677,bao-cao-su-power-men-type-p53135677,25,63000.0,Vivian Store,121507,,Powermen,1730204103.578053
tiki,1024365,why-men-don-t-listen-and-women-can-t-read-maps-how-to-spot-the-differences-in-the-way-men-and-women-think-p1024365,57,284000.0,Xunhasaba Th gii Sách Ngoi vn,1231,,NaN,1730204103.578053
tiki,273545637,lan-ngan-mui-nu-kho-thoang-nivea-25ml-p273545637,0,46000.0,Watsons Vietnam Official Store,337164,,Nivea,1730204103.578053
tiki,274325481,dau-tay-trang-nivea-hokkaido-rosy-white-oil-infused-micellar-0-alcohol-chiet-xuat-hoa-hong-400ml-p274325481,0,194000.0,Watsons Vietnam Official Store,337164,,Nivea,1730204103.578053
tiki,275125263,son-duong-moi-dao-nivea-4-8g-p275125263,0,77000.0,Watsons Vietnam Official Store,337164,,Nivea,1730204103.578053
tiki,179981705,men-bo-vuc-tham-p179981705,0,72000.0,Ca hàng sách Nhà Xut Bn Tr,193159,,NaN,1730204103.578053
tiki,91276016,bo-am-tra-men-reu-p91276016,0,634400.0,Tinh Hoa Gm Vit,134923,,Bát Tràng,1730204103.578053
tiki,275597130,son-duong-moi-nivea-strawberry-shine-huong-dau-mau-do-thoi-4-8g-p275597130,0,77000.0,Pharmacity Flagship Store,221608,,Nivea,1730204103.578053
tiki,84162281,lo-toi-men-ran-ve-tung-loc-p84162281,0,1520000.0,Bát Tràng Ceramic,97126,,Bát Tràng,1730204103.578053
tiki,5512655,sourdough-bread-banh-mi-men-tu-nhien-p5512655,22,151550.0,Nhà Sách Tr Online,161219,,NaN,1730204103.578053
tiki,164047775,coc-su-trang-men-nhat-kinto-fog-mug-p164047775,5,251640.0,Lý Gia Viên,3068,,KINTO,1730204103.578053
tiki,101360945,bat-dieu-men-lam-bat-trang-p101360945,2,480000.0,Bát Tràng Ceramic,97126,,Bát Tràng,1730204103.578053
tiki,91274273,bo-do-tho-men-ran-co-ban-treo-81cm-p91274273,1,950000.0,Ca hàng gm s Bát Tràng,135368,,Bát Tràng,1730204103.578053
tiki,276252422,bat-to-loe-d18-men-xanh-hoa-bien-p276252422,2,199900.0,Gm S Gomie Cao Cp,357571,,Gomie Ceramic,1730204103.578053
tiki,94621280,dia-xin-dai-am-duong-men-lam-trang-tron-p94621280,5,73300.0, Th Phùng Gia,133378,,PHÙNG GIA ,1730204103.578053
tiki,271450534,bat-huong-men-ran-rong-noi-gom-su-g-t-p271450534,0,294000.0,Gm S G&T Official Store,267583,,Gm s G&T,1730204103.578053
tiki,249954990,noi-trang-men-bk-indigo-nhieu-kich-co-p249954990,2,3390000.0,Kitchen Koncept,8905,,BK,1730204103.578053
tiki,19247056,meetings-with-remarkable-men-p19247056,1,386120.0,Experal,14626,,NaN,1730204103.578053
tiki,149520260,sourdough-bread-banh-mi-men-tu-nhien-tai-ban-2021-p149520260,11,174000.0,Nhà sách Fahasa,53660,,NaN,1730204103.578053
tiki,54998953,zento-men-s-underwear-ma-03-size-xl-p54998953,25,33000.0,Lantavina,1928,,Zento,1730204103.578053
tiki,101360531,den-dau-bat-trang-men-ran-dap-noi-p101360531,0,250000.0,Ca hàng gm s Bát Tràng,135368,,Bát Tràng,1730204103.578053
tiki,53134937,bao-cao-su-power-men-ca-ngua-bac-p53134937,43,95000.0,Vivian Store,121507,,Powermen,1730204103.578053
tiki,275194018,miso-trang-men-gao-koji-yamagen-500g-p275194018,1,105000.0,ANBINH STORE,40740,,Koji Yamagen,1730204104.118636
tiki,178098704,ly-su-co-nap-men-hoa-bien-mau-thien-thanh-p178098704,2,125000.0,Gm Tinh Hoa Bát Tràng,252649,,Gm S Bát Tràng,1730204104.118636
tiki,176071556,men-dinh-duong-nutritional-yeast-bragg-p176071556,1,275000.0,ORGANIC STORES,9905,,Bragg,1730204104.118636
tiki,2324089,bao-cao-su-power-men-long-shock-12-chiec-p2324089,15,109000.0,Shop Adam,109252,,Powermen,1730204104.118636
tiki,109443339,dia-muoi-men-xanh-hoa-bien-dia-gia-vi-men-xanh-hoa-bien-duong-kinh-8cm-gom-su-cao-cap-unika-bat-trang-p109443339,11,41500.0,unikabattrang,187975,,Bát Tràng,1730204104.118636
tiki,108857623,coc-cafe-be-co-quai-men-gam-vang-d6xc7-coc-cafe-phe-cao-cap-men-gam-vang-gom-su-bat-trang-p108857623,23,80000.0,unikabattrang,187975,,Bát Tràng,1730204104.118636
tiki,426406,wordsworth-classics-little-men-and-jo-s-boys-p426406,10,144000.0,Xunhasaba Th gii Sách Ngoi vn,1231,,NaN,1730204104.118636
tiki,54733516,lo-cam-hoa-men-hoa-bien-gom-su-bat-trang-p54733516,0,330000.0,Ca hàng gm s Bát Tràng,135368,,Bát Tràng,1730204104.118636
tiki,129766565,eq-iq-giup-tre-lam-chu-cam-xuc-cam-men-p129766565,1,22000.0,Tiki Trading,1,,NaN,1730204104.118636
tiki,93003915,nuoc-hoa-nam-charme-sexy-men-100ml-p93003915,22,520000.0,M Phm N,883,,Charme,1730204104.118636
tiki,17461682,01-den-dau-tho-men-lam-gom-su-bat-trang-p17461682,3,450000.0,Gm s Gia Hng Bát tràng,42951,,Gm s Gia Hng Bát Tràng,1730204104.118636
tiki,156812772,men-dinh-duong-huu-co-nutritional-yeast-100gr-dragon-superfoods-p156812772,0,238000.0,ORGANIC STORES,9905,,Dragon Superfoods,1730204104.118636
tiki,173946664,of-mice-and-men-level-2-p173946664,5,102600.0,CDIMEX,73,,NaN,1730204104.118636
tiki,273341082,am-thuc-chinh-phuc-the-gioi-mon-len-men-p273341082,7,48900.0,Nhà sách Fahasa,53660,,NaN,1730204104.118636
tiki,273562023,bep-gas-don-rinnai-rv-150-g-mat-bep-men-va-kieng-bep-men-hang-chinh-hang-p273562023,3,419000.0,Rinnai Official,349062,,Rinnai,1730204104.118636
tiki,186607450,coc-trang-men-petromax-enamel-mug-360ml-p186607450,2,495000.0,Quân Camp,161884,,Petromax,1730204104.118636
tiki,89602942,men-vi-sinh-cho-ca-koika-bac-1-lit-p89602942,0,350000.0,KOIKA Aquarium,52794,,Liên Hip Phát,1730204104.118636
tiki,25142144,ca-men-zojirushi-sl-xe20-ad-p25142144,0,1019000.0,dienmaycuongviet,7880,,Zojirushi,1730204104.118636
tiki,275416532,cong-nghe-len-men-hnb-p275416532,0,102000.0,NewShop Official,34429,,NaN,1730204104.118636
tiki,55715228,zento-quan-lot-nam-thun-luoi-zento-men-s-underwear-p55715228,59,33000.0,Lantavina,1928,,KENDO,1730204104.118636
tiki,273562213,bep-gas-duong-rinnai-rv-mc15g-mat-bep-men-va-kieng-bep-men-hang-chinh-hang-p273562213,2,499000.0,Rinnai Official,349062,,Rinnai,1730204104.118636
tiki,91273613,lo-hoa-men-c-p91273613,0,700000.0,Bát Tràng Ceramic,97126,,Bát Tràng,1730204104.118636
tiki,116124657,binh-ho-lo-men-hoa-bien-2-mau-men-binh-ho-lo-bau-ho-lo-gom-su-cao-cap-bat-trang-p116124657,7,200000.0,unikabattrang,187975,,Bát Tràng,1730204104.118636
tiki,94106797,lo-loc-binh-men-ran-ve-sen-gia-tot-p94106797,0,680000.0,Bát Tràng Ceramic,97126,,Bát Tràng,1730204104.118636
tiki,1403247,nuoc-hoa-ck-eternity-aqua-for-men-edt-100ml-p1403247,16,1099900.0,M Phm CD,4434,,Calvin Klein,1730204104.118636
tiki,100790479,dia-muoi-men-hong-tuyet-dia-gia-vi-men-hong-tuyet-duong-kinh-d8cm-gom-su-cao-cap-bat-trang-p100790479,3,55000.0,unikabattrang,187975,,Bát Tràng,1730204104.118636
tiki,55706073,kendo-quan-lot-nam-kendo-boxer-silver-men-s-underwear-p55706073,66,63000.0,Lantavina,1928,,KENDO,1730204104.118636
tiki,101360873,bat-dieu-men-ran-bat-trang-p101360873,2,450000.0,Ca hàng gm s Bát Tràng,135368,,Bát Tràng,1730204104.118636
tiki,273949828,am-ca-phe-trang-men-2l-blackdog-bd-yc011-p273949828,1,850000.0,in dân dng và  Outdoor TL,320525,,Naturehike,1730204104.118636
tiki,272558552,how-to-kill-men-and-get-away-with-it-p272558552,1,415000.0,Blue Horizon Books,12696,,NaN,1730204104.118636
tiki,263034738,men-u-vi-sinh-trichoderma-1kg-p263034738,0,69000.0,Vigami store,310819,,Vigami,1730204104.118636
tiki,163526327,ly-su-co-nap-350ml-men-trang-p163526327,21,40000.0,Gm Tinh Hoa Bát Tràng,252649,,Bát Tràng,1730204104.118636
tiki,176260597,khay-gia-vi-hai-ngan-men-hoa-bien-dia-gia-vi-nuoc-cham-2-ngan-4-mau-men-gom-su-unika-bat-trang-p176260597,18,70000.0,unikabattrang,187975,,Bát Tràng,1730204104.118636
tiki,274396167,serum-chong-nang-sang-da-nivea-oil-control-spf50-pa-30ml-p274396167,1,90000.0,Watsons Vietnam Official Store,337164,,Nivea,1730204104.118636
tiki,271694619,giay-golf-nam-pgm-men-microfibre-golf-shoes-xz159-p271694619,0,2145000.0,PGM GOLF OFFICIAL STORE,1262,,PGM,1730204104.118636
tiki,147415593,sach-sourdough-bread-banh-mi-men-tu-nhien-tai-ban-p147415593,10,151850.0,Times Books,127989,,NaN,1730204104.118636
tiki,195696939,i-hate-men-p195696939,0,105200.0,Nhà sách Fahasa,53660,,NaN,1730204104.118636
tiki,48963638,noi-gang-phu-men-lodge-mau-trang-5-6l-p48963638,1,2164500.0,Kitchen Koncept,8905,,Lodge,1730204104.118636
tiki,49640465,sourdoughbread-banh-mi-men-tu-nhien-tai-ban-2020-p49640465,3,151550.0,Nhà Sách Tr Online,161219,,NaN,1730204104.118636
tiki,16375516,ban-chai-bao-ve-men-rang-pierrot-periodontitis-p16375516,8,78000.0,Skinlovershop,34358,,PIERROT,1730204104.118636
tiki,99929156,bo-am-tra-men-hoa-bien-nhieu-mau-p99929156,0,630000.0,Tinh Hoa Gm Vit,134923,,Bát Tràng,1730204104.591225
tiki,91275243,bo-am-tra-co-khac-noi-men-hoang-tho-p91275243,0,420000.0,Ca hàng gm s Bát Tràng,135368,,Bát Tràng,1730204104.591225
tiki,101360654,bo-am-chen-tho-men-ran-dap-noi-bat-trang-p101360654,1,345000.0,Ca hàng gm s Bát Tràng,135368,,Bát Tràng,1730204104.591225
tiki,84162475,chum-r-men-bong-10-lit-p84162475,0,250000.0,Bát Tràng Ceramic,97126,,Bát Tràng,1730204104.591225
tiki,276363228,kem-duong-am-nivea-creme-30ml-p276363228,0,51000.0,Watsons Vietnam Official Store,337164,,Nivea,1730204104.591225
tiki,76526351,chuyen-cua-bap-an-mo-va-xom-doi-rom-giai-thuong-de-men-lan-thu-nhat-hang-muc-khat-vong-de-men-p76526351,25,46500.0,Nhà sách Fahasa,53660,,NaN,1730204104.591225
tiki,274462891,sach-ngoai-van-men-without-women-haruki-murakami-p274462891,1,299000.0,Tazano Official Store,1308,,NaN,1730204104.591225
tiki,94888677,choe-tho-nho-men-lam-trang-noi-hoa-tiet-rong-p94888677,0,305000.0, Th Phùng Gia,133378,,PHÙNG GIA ,1730204104.591225
tiki,100761215,bat-to-can-men-reu-17x5cm-to-can-men-reu-gom-su-cao-cap-bat-trang-p100761215,6,190000.0,unikabattrang,187975,,Bát Tràng,1730204104.591225
tiki,88084489,chum-sanh-khong-trang-men-20-lit-bat-trang-p88084489,2,480000.0,Bát Tràng Ceramic,97126,,Bát Tràng,1730204104.591225
tiki,106100861,coc-su-bat-trang-co-nap-ve-hoa-men-kem-p106100861,18,65000.0,Ca hàng gm s Bát Tràng,135368,,Bát Tràng,1730204104.591225
tiki,91275479,bo-do-tho-men-lam-ve-vang-hang-cao-cap-p91275479,0,26650000.0,Tinh Hoa Gm Vit,134923,,Bát Tràng,1730204104.591225
tiki,13173376,thuc-pham-chuc-nang-men-vi-sinh-bio-techcomin-dha-p13173376,17,110000.0,BHD Shop,24658,,Nht Vit Pharma,1730204104.591225
tiki,275405379,hat-cacao-tho-len-men-1kg-o-petit-p275405379,1,270000.0,O'PETIT,346733,,O'PETIT,1730204104.591225
tiki,91275483,bo-am-tra-men-ran-p91275483,0,468000.0,Tinh Hoa Gm Vit,134923,,Bát Tràng,1730204104.591225
tiki,100760735,binh-tru-cam-hoa-men-gam-vang-binh-hoa-hinh-tru-lo-hoa-than-dung-men-gam-vang-gom-su-cao-cap-bat-trang-p100760735,2,659000.0,unikabattrang,187975,,Bát Tràng,1730204104.591225
tiki,171194093,bo-dia-la-men-kem-ve-tay-bat-trang-p171194093,2,360000.0,Gm Giang Bát Tràng,256698,,Bát Tràng,1730204104.591225
tiki,197635906,cuon-sach-sourdough-bread-banh-mi-men-tu-nhien-p197635906,4,151850.0,VBooks,60209,,NaN,1730204104.591225
tiki,500024,toi-men-than-tap-1-p500024,1,42900.0,Nhà sách Fahasa,53660,,NaN,1730204104.591225
tiki,270184882,bo-bat-dia-men-tieu-co-gosu-trang-men-cao-cap-phong-cach-co-dien-p270184882,1,730550.0,Gm s GOSU,217944,,GOSU,1730204104.591225
tiki,94107490,bo-do-tho-cung-men-lam-p94107490,0,2150000.0,Ca hàng gm s Bát Tràng,135368,,Bát Tràng,1730204104.591225
tiki,73228546,combo-3-cuon-khung-long-than-men-p73228546,5,189600.0,NHBook,7734,,NaN,1730204104.591225
tiki,215748697,chuan-men-tro-thanh-mot-nguoi-dan-ong-thuc-thu-p215748697,1,77600.0,Nhà Sách Tr Online,161219,,NaN,1730204104.591225
tiki,55611268,bo-am-tra-men-nau-ve-mai-tach-lot-p55611268,4,480000.0,Ca hàng gm s Bát Tràng,135368,,Bát Tràng,1730204104.591225
tiki,138812101,nuoc-hoa-nam-moschino-toy-boy-men-edp-100ml-p138812101,14,1800000.0,Rosa Perfume,40786,,Moschino,1730204104.591225
tiki,275513007,ngoi-trang-men-cao-cap-casa-pro-men-bong-cao-cap-chong-tham-chong-reu-moc-hoa-sen-home-hang-chinh-hang-p275513007,0,30000.0,Hoa Sen Home Official Store,354936,,Hoa Sen Home,1730204104.591225
tiki,110783364,bo-am-tra-men-xanh-hoa-bien-actx3-bo-am-che-men-bien-xanh-gom-su-bat-trang-p110783364,3,800000.0,unikabattrang,187975,,Bát Tràng,1730204104.591225
tiki,99418694,ao-nguc-ren-men-mac-om-dang-p99418694,0,50000.0, lót Hoàng Gia,133556,,OEM,1730204104.591225
tiki,91274913,bo-am-tra-men-hoa-bien-p91274913,1,897000.0,Tinh Hoa Gm Vit,134923,,Bát Tràng,1730204104.591225
tiki,100790484,dia-chiec-la-nhon-men-gam-vang-dia-chiec-la-men-hoa-bien-gom-su-cao-cap-bat-trang-p100790484,2,209000.0,unikabattrang,187975,,Bát Tràng,1730204104.591225
tiki,276248800,bat-com-d11-men-xanh-hoa-bien-bat-men-xanh-bien-cuc-chat-p276248800,4,75000.0,Gm S Gomie Cao Cp,357571,,Gomie Ceramic,1730204104.591225
tiki,176654107,bo-sake-cao-men-gam-vang-khay-quat-set-sake-men-hoa-bien-gom-unika-bat-trang-p176654107,1,435000.0,unikabattrang,187975,,Gm S Bát Tràng,1730204104.591225
tiki,100762153,bat-to-nong-men-xanh-hoa-bien-d17-x8m-bat-nong-men-hoa-bien-cao-cap-p100762153,5,219000.0,unikabattrang,187975,,Bát Tràng,1730204104.591225
tiki,99929599,bo-do-tho-men-lam-ngoc-ve-vang-p99929599,0,5900000.0,Tinh Hoa Gm Vit,134923,,Bát Tràng,1730204104.591225
tiki,91275298,bo-am-tra-men-ran-co-p91275298,1,800000.0,Ca hàng gm s Bát Tràng,135368,,Bát Tràng,1730204104.591225
tiki,20006385,bo-doi-cham-soc-toan-dien-men-stay-simplicity-p20006385,75,334000.0,Men Stay Simplicity Store,84036,,Men Stay Simplicity,1730204104.591225
tiki,275257364,ngoi-trang-men-cao-cap-casa-pro-men-bong-cao-cap-chong-tham-chong-reu-moc-hoa-sen-home-hang-chinh-hang-p275257364,0,30000.0,HOASENHOME,228322,,Casa Pro,1730204104.591225
tiki,273562187,bep-gas-duong-rinnai-rv-770-g-mat-bep-men-va-kieng-bep-men-hang-chinh-hang-p273562187,0,1374000.0,Rinnai Official,349062,,Rinnai,1730204104.592226
tiki,273545633,xit-ngan-mui-nivea-tuoi-mat-suc-song-anti-perspirant-fresh-energy-quick-dry-150ml-p273545633,3,98000.0,Watsons Vietnam Official Store,337164,,Nivea,1730204104.592226
tiki,273253988,phi-chan-men-long-ruot-dat-khi-co-nhu-cau-chan-men-p273253988,0,285000.0,À i Concept,347148,,À i Concept,1730204104.592226
